# C symbol	Go entry	Go source	cgo source	Native replacement symbols	Equivalence proof
sidereon_bias_sinex_load	LoadBiasSINEX	bias.go	internal/native/space_codecs_cgo.go	sidereon_bias_sinex_parse	The Go path adapter retains plain/gzip acquisition and limits, then delegates the same bytes, options and read policy to the native byte parser; parse diagnostics and typed failures remain available.
sidereon_bias_sinex_load_lossy	LoadBiasSINEXLossy	bias.go	internal/native/space_codecs_cgo.go	sidereon_bias_sinex_parse_lossy	The Go path adapter retains plain/gzip acquisition and limits, then delegates the same bytes, options and read policy to the native byte parser; parse diagnostics and typed failures remain available.
sidereon_bias_sinex_load_with_policy	LoadBiasSINEXWithPolicy	bias.go	internal/native/space_codecs_cgo.go	sidereon_bias_sinex_parse_with_policy	The Go path adapter retains plain/gzip acquisition and limits, then delegates the same bytes, options and read policy to the native byte parser; parse diagnostics and typed failures remain available.
sidereon_broadcast_ephemeris_load_nav	LoadBroadcastEphemeris	corrections.go	internal/native/broadcast_cgo.go	sidereon_broadcast_ephemeris_parse_nav	Go acquires the path bytes and delegates the complete NAV stream to the native parser.
sidereon_clock_records_copy	Records	protocol_rinex.go	internal/native/rinex_clock_data_cgo.go	sidereon_clock_records_count sidereon_clock_records_get sidereon_clock_records_name	Acquire one owned clock-record snapshot, then copy each fixed-width row and its full name through count/index getters. Epoch, values, surplus, source locations, reading tags and unknown tag text are retained in detached Go rows.
sidereon_code_dcb_load	LoadCodeDCB	bias.go	internal/native/space_codecs_cgo.go	sidereon_code_dcb_parse	The Go path adapter retains plain/gzip acquisition and limits, then delegates the same bytes, options and read policy to the native byte parser; parse diagnostics and typed failures remain available.
sidereon_code_dcb_load_lossy	LoadCodeDCBLossy	bias.go	internal/native/space_codecs_cgo.go	sidereon_code_dcb_parse_lossy	The Go path adapter retains plain/gzip acquisition and limits, then delegates the same bytes, options and read policy to the native byte parser; parse diagnostics and typed failures remain available.
sidereon_code_dcb_load_with_policy	LoadCodeDCBWithPolicy	bias.go	internal/native/space_codecs_cgo.go	sidereon_code_dcb_parse_with_policy	The Go path adapter retains plain/gzip acquisition and limits, then delegates the same bytes, options and read policy to the native byte parser; parse diagnostics and typed failures remain available.
sidereon_ionex_header_clear_comments	HeaderMetadata TECSamples GridInfo NewIONEXFromTECSamplesWithHeader	ionex.go	internal/native/ionex_metadata.go	sidereon_ionex_get_header sidereon_ionex_tec_samples sidereon_ionex_tec_grid_samples_info sidereon_ionex_header_new sidereon_ionex_from_tec_samples_with_header	HeaderMetadata returns an owned Go value; set its detached Comments slice to nil to express the clear while retaining every other header field. The value-level behavior needs no product reconstruction or C mutation. The focused fixture separately exercises an example regular-grid reconstruction through NewIONEXFromTECSamplesWithHeader, including exact epochs and field-presence flags; it does not claim arbitrary grid normalization is lossless.
sidereon_ionex_header_clear_descriptions	HeaderMetadata TECSamples GridInfo NewIONEXFromTECSamplesWithHeader	ionex.go	internal/native/ionex_metadata.go	sidereon_ionex_get_header sidereon_ionex_tec_samples sidereon_ionex_tec_grid_samples_info sidereon_ionex_header_new sidereon_ionex_from_tec_samples_with_header	HeaderMetadata returns an owned Go value; set its detached Descriptions slice to nil to express the clear while retaining every other header field. The value-level behavior needs no product reconstruction or C mutation. The focused fixture separately exercises an example regular-grid reconstruction through NewIONEXFromTECSamplesWithHeader, including exact epochs and field-presence flags; it does not claim arbitrary grid normalization is lossless.
sidereon_ionex_header_clone	HeaderMetadata	ionex.go	internal/native/ionex_metadata.go	sidereon_ionex_get_header	HeaderMetadata returns an owned Go value with separately allocated Descriptions and Comments slices. Copy the value and both slices in Go for an independent snapshot. The test verifies slice mutation independence and complete header metadata. A separate fixture checks one regular-grid product reconstruction, without asserting that arbitrary grid order or spacing survives normalization.
sidereon_ionex_slant_delay_results	SlantDelayResultsAtInstantsOwned	ionex.go	internal/native/ionex_exact_cgo.go	sidereon_ionex_slant_delay_results_at_instants_owned sidereon_ionex_instant_slant_result_list_count sidereon_ionex_instant_slant_result_get_row sidereon_ionex_instant_slant_result_get_message sidereon_ionex_instant_slant_result_get_mapping_code sidereon_ionex_instant_slant_result_list_free	A caller can represent any legacy signed-i64 UTC second as the exact signed-i128 nanosecond instant in public ClockEpoch.NanosHigh/NanosLow (seconds*1e9); pass that ClockEpoch plus latitude/longitude/azimuth/elevation/frequency and policy to the exact-instant owned-list route. The conversion helper in the test is proof only, not a public API. Rows remain request-ordered and retain evaluation, typed refusal, epoch detail, message and mapping code; native getters are copied before the owned list is freed. The full signed-i64 conversion is pinned in ionex_j2000_composition_test.go, including -1, MinInt64, MaxInt64 and 2^53+1; modern-data result is compared with the legacy scalar result.
sidereon_ionex_slant_delay_with_policy	SlantDelayAtInstantWithPolicy	ionex.go	internal/native/ionex_exact_cgo.go	sidereon_ionex_slant_delay_at_instant_with_policy	A caller represents the legacy whole-second UTC instant as signed-i128 nanoseconds in public ClockEpoch.NanosHigh/NanosLow (seconds*1e9), then calls the exact-instant API with the same geometry/frequency and coverage/missing-node/mapping tags. The tags map field-for-field to IONEXSlantPolicy. The exact scalar route returns the same evaluation and typed error fields; the whole-second test compares its numerical result with the legacy route.
sidereon_ionex_slant_policy_default	DefaultIONEXSlantPolicy	ionex.go	internal/native/ionex_exact_cgo.go	sidereon_ionex_slant_delay_at_instant_with_policy sidereon_ionex_slant_delay_results_at_instants_owned	The Go value helper returns strict coverage, strict missing-node handling and single-layer mapping, the same literal policy fields are passed to the listed native policy consumers. The constructor/value test checks all three fields.
sidereon_ionex_slant_policy_from_coverage	IONEXSlantPolicyFromCoverage	ionex.go	internal/native/ionex_exact_cgo.go	sidereon_ionex_slant_delay_at_instant_with_policy sidereon_ionex_slant_delay_results_at_instants_owned	The Go helper substitutes only the requested coverage tag while retaining strict missing-node handling and single-layer mapping. All three values pass unchanged through nativeIONEXPolicy to the listed native policy consumers; the value test checks the fields.
sidereon_ionex_slant_policy_init	NewIONEXSlantPolicy	ionex.go	internal/native/ionex_exact_cgo.go	sidereon_ionex_slant_delay_at_instant_with_policy sidereon_ionex_slant_delay_results_at_instants_owned	The public constructor stores coverage, missing-node and mapping discriminants without rewriting them. nativeIONEXPolicy forwards those exact numeric values to the listed policy-consuming native operations; the focused test checks the constructed values.
sidereon_ionex_slant_result_get_mapping_code	SlantDelayResultsAtInstantsOwned	ionex.go	internal/native/ionex_exact_cgo.go	sidereon_ionex_instant_slant_result_get_mapping_code	The owned exact-time result route queries each mapping-code string through the native getter while holding the C-thread error scope, copies it into Go memory, then frees the native list. Returned row strings therefore remain valid independently of the native list lifetime.
sidereon_ionex_slant_result_get_message	SlantDelayResultsAtInstantsOwned	ionex.go	internal/native/ionex_exact_cgo.go	sidereon_ionex_instant_slant_result_get_message	The owned exact-time result route queries each per-row message through the native getter under the same C-thread error scope, copies it into Go memory, then frees the native list. Message bytes and row ordering are retained.
sidereon_ionex_slant_result_get_row	SlantDelayResultsAtInstantsOwned	ionex.go	internal/native/ionex_exact_cgo.go	sidereon_ionex_instant_slant_result_get_row	The row getter is projected field-for-field into IONEXInstantSlantResult, including status, success flag, delay evaluation, typed slant error and epoch error. Requests are traversed by increasing index, preserving native list order.
sidereon_ionex_slant_result_list_count	SlantDelayResultsAtInstantsOwned	ionex.go	internal/native/ionex_exact_cgo.go	sidereon_ionex_instant_slant_result_list_count	The native list count is checked against the number of submitted requests before row extraction. The public owned result therefore has the same count and order as the request sequence; the focused modern-epoch fixture checks one-row batch correspondence.
sidereon_ionex_slant_result_list_free	SlantDelayResultsAtInstantsOwned	ionex.go	internal/native/ionex_exact_cgo.go	sidereon_ionex_instant_slant_result_list_free	The native list is freed after all row fields and strings have been copied into Go-owned values, including on extraction errors via deferred cleanup. Public results do not expose the native allocation or depend on its lifetime.
sidereon_parse_tle_file	ParseTLEFileWithOpsMode	tle_extra.go	internal/native/tle_extra.go	sidereon_parse_tle_file_with_policy	ParseTLEFileWithOpsMode delegates with TLEFilePolicyStrict (0); native.ParseTLEFileWithPolicy calls the listed C replacement. The C strict entry calls parse_tle_file_body with TlePolicy::Strict, the same body used by the policy entry for tag 0, retaining accepted records and rejected-record diagnostics.
sidereon_ppp_corrections_build	BuildPPPCorrections	ppp.go	internal/native/ppp_cgo.go	sidereon_ppp_corrections_build_with_validity_and_tide_constants	The plain builder explicitly selects strict validity and Conventions tide constants, matching the C plain-builder defaults; all options, epochs and receiver coordinates are passed unchanged.
sidereon_ppp_fixed_solution_unplaced_observations	UnplacedObservationsV2	ppp.go	internal/native/ppp_cgo.go	sidereon_ppp_fixed_solution_unplaced_observations_v2	The V2 getter retains every legacy row field and additionally supplies exact epoch information and source indices; callers can project the legacy fields without losing rows.
sidereon_ppp_float_solution_unplaced_observations	UnplacedObservationsV2	ppp.go	internal/native/ppp_cgo.go	sidereon_ppp_float_solution_unplaced_observations_v2	The V2 getter retains every legacy row field and additionally supplies exact epoch information and source indices; callers can project the legacy fields without losing rows.
sidereon_precise_interpolant_artifact_open_borrowed	OpenPreciseInterpolantArtifactBorrowed	remaining_products.go	internal/native/remaining_products_cgo.go	sidereon_precise_interpolant_artifact_open_owned	The path/borrowed-slice adapter creates an owned native byte copy and invokes the same artifact layout/checksum decoder; no caller slice remains borrowed after the call.
sidereon_rinex_obs_load	LoadRINEXObservation	observation.go	internal/native/observations_cgo.go	sidereon_rinex_obs_parse	Go reads the plain file bytes and delegates the complete observation stream to the native parser; records and diagnostics remain native-owned. Neither this route nor the C entry performs gzip decompression.
sidereon_rtcm_build_navic_ephemeris_with_trailing_bits	BuildRTCMNavICEphemeris WithTrailingBits	rtcm.go rtcm_extended.go	internal/native/rtcm_cgo.go internal/native/rtcm_retention_cgo.go	sidereon_rtcm_build_navic_ephemeris sidereon_rtcm_message_with_trailing_bits	BuildRTCMNavICEphemeris constructs all NavIC ephemeris fields; WithTrailingBits returns an independent clone with only trailing bits changed. Both public routes and their native builders are listed and checked.
sidereon_rtcm_message_navic_trailing_bits	Message TrailingBits	rtcm.go rtcm_extended.go	internal/native/rtcm_cgo.go internal/native/rtcm_retention_cgo.go	sidereon_rtcm_message_kind sidereon_rtcm_message_encode sidereon_rtcm_message_to_frame sidereon_rtcm_message_trailing_bits	Check the message kind via Message (which retains kind, encoding, and full frame), then retrieve the full detached trailing-bit sequence. A kind mismatch is refused before using this recipe; NavIC/SSR-VTEC kind-specific payloads are available in Message.
sidereon_rtcm_message_ssr_vtec_trailing_bits	Message TrailingBits	rtcm.go rtcm_extended.go	internal/native/rtcm_cgo.go internal/native/rtcm_retention_cgo.go	sidereon_rtcm_message_kind sidereon_rtcm_message_encode sidereon_rtcm_message_to_frame sidereon_rtcm_message_trailing_bits	Check the message kind via Message (which retains kind, encoding, and full frame), then retrieve the full detached trailing-bit sequence. A kind mismatch is refused before using this recipe; NavIC/SSR-VTEC kind-specific payloads are available in Message.
sidereon_solve_spp_at_exact_epoch	SolveSPPV2AtExactEpoch	spp_remaining.go	internal/native/spp_remaining_cgo.go	sidereon_solve_spp_v2_with_models_at_exact_epoch	The models-capable route accepts the legacy input with QZSS-as-GPS and RTKLIB troposphere defaults (both numeric tag 0). For the base exact route leave V2 optional inputs unset; receive epoch, observations, initial estimate and solution fields use the same solver.
sidereon_solve_spp_from_rinex_obs	SolveSPPFromRINEXObs	spp_remaining.go	internal/native/spp_remaining_cgo.go	sidereon_solve_spp_from_rinex_obs_with_models	Use default model tags 0/0 with the same observation/NAV handles and RINEX options. The shared native assembly/solver retains per-epoch outcomes and typed refusals.
sidereon_solve_spp_v2	SolveSPPV2	spp_remaining.go	internal/native/spp_remaining_cgo.go	sidereon_solve_spp_v2_with_models	The models-capable route accepts the legacy input with QZSS-as-GPS and RTKLIB troposphere defaults (both numeric tag 0). For the base exact route leave V2 optional inputs unset; receive epoch, observations, initial estimate and solution fields use the same solver.
sidereon_solve_spp_v2_at_exact_epoch	SolveSPPV2AtExactEpoch	spp_remaining.go	internal/native/spp_remaining_cgo.go	sidereon_solve_spp_v2_with_models_at_exact_epoch	The models-capable route accepts the legacy input with QZSS-as-GPS and RTKLIB troposphere defaults (both numeric tag 0). For the base exact route leave V2 optional inputs unset; receive epoch, observations, initial estimate and solution fields use the same solver.
sidereon_solve_static_position_broadcast	SolveStaticPositionBroadcast	static_position.go	internal/native/static_position_cgo.go	sidereon_solve_static_position_broadcast_v2	The V2 initializer supplies the same base static options and default SPP model tags 0/0. It passes the same epoch observations, preserves native refusal details, and exposes every legacy solution getter.
sidereon_solve_static_position_sp3	SolveStaticPositionSP3	static_position.go	internal/native/static_position_cgo.go	sidereon_solve_static_position_sp3_v2	The V2 initializer supplies the same base static options and default SPP model tags 0/0. It passes the same epoch observations, preserves native refusal details, and exposes every legacy solution getter.
sidereon_spp_inputs_from_rinex_obs	SPPInputsFromRINEXObs	spp_remaining.go	internal/native/spp_remaining_cgo.go	sidereon_spp_inputs_from_rinex_obs_with_models	Use default model tags 0/0 with the same observation/NAV handles and RINEX options. The shared native assembly/solver retains per-epoch outcomes and typed refusals.
sidereon_ssr_store_clock	Clock	corrections.go	internal/native/corrections_cgo.go	sidereon_ssr_store_clock_full	Clock returns an owned Go value projected from the full native clock result; the full getter copies every legacy clock field and adds navigation metadata and transmitted epochs. C phaseb checks the legacy getter against the full getter field-for-field, and the public Go 4076 fixture checks the complete clock value, including an attached high-rate correction.
sidereon_ssr_store_orbit	Orbit	corrections.go	internal/native/corrections_cgo.go	sidereon_ssr_store_orbit_full	Orbit returns an owned Go value projected from the full native orbit result; the full getter copies every legacy orbit field and adds IOD CRC presence/value, basis and transmitted epoch. C phaseb checks the legacy getter against the full getter field-for-field, and public Go fixtures check the complete orbit value.
sidereon_tec_grid_new	NewTECGrid	tec_grid.go	internal/native/tec_grid_cgo.go	sidereon_tec_grid_new_result	The owned-result route passes identical grid/query arguments to the same core operation and returns the complete typed refusal and message in addition to all success values, optional presence and interpolation gaps.
sidereon_tec_grid_vtec_at_pierce_point	VTECAtPiercePoint	tec_grid.go	internal/native/tec_grid_cgo.go	sidereon_tec_grid_vtec_at_pierce_point_result	The owned-result route passes identical grid/query arguments to the same core operation and returns the complete typed refusal and message in addition to all success values, optional presence and interpolation gaps.
sidereon_write_dted_tile_list_to_mmap_store	WriteDTEDTileListToMMapStore	geodesy_environment.go	internal/native/terrain_dted.go	sidereon_dted_tile_list_to_mmap_store	The native store-byte builder preserves tile metadata, samples and validation. Go writes those exact bytes with Go filesystem ownership.
sidereon_write_dted_tree_to_mmap_store	WriteDTEDTreeToMMapStore	geodesy_environment.go	internal/native/terrain_dted.go	sidereon_dted_tree_to_mmap_store	The native store-byte builder preserves tile metadata, samples and validation. Go writes those exact bytes with Go filesystem ownership.
